{
    "confusion_matrix": [
        [
            610,
            0,
            2,
            0,
            0,
            0,
            3,
            0,
            7,
            2
        ],
        [
            0,
            646,
            3,
            1,
            1,
            0,
            0,
            1,
            1,
            1
        ],
        [
            0,
            1,
            540,
            17,
            0,
            0,
            0,
            8,
            5,
            1
        ],
        [
            0,
            0,
            2,
            584,
            0,
            2,
            0,
            1,
            0,
            0
        ],
        [
            0,
            0,
            0,
            0,
            566,
            0,
            4,
            0,
            4,
            6
        ],
        [
            3,
            0,
            0,
            2,
            1,
            534,
            2,
            1,
            7,
            1
        ],
        [
            3,
            0,
            1,
            0,
            1,
            0,
            571,
            0,
            4,
            0
        ],
        [
            0,
            1,
            19,
            4,
            3,
            0,
            0,
            601,
            2,
            3
        ],
        [
            1,
            0,
            2,
            0,
            2,
            0,
            1,
            0,
            578,
            1
        ],
        [
            5,
            1,
            0,
            3,
            10,
            0,
            0,
            4,
            5,
            604
        ]
    ],
    "classification_report": {
        "0": {
            "precision": 0.9807073954983923,
            "recall": 0.9775641025641025,
            "f1-score": 0.9791332263242376,
            "support": 624.0
        },
        "1": {
            "precision": 0.9953775038520801,
            "recall": 0.9877675840978594,
            "f1-score": 0.9915579432079816,
            "support": 654.0
        },
        "2": {
            "precision": 0.9490333919156415,
            "recall": 0.9440559440559441,
            "f1-score": 0.9465381244522348,
            "support": 572.0
        },
        "3": {
            "precision": 0.955810147299509,
            "recall": 0.9915110356536503,
            "f1-score": 0.9733333333333334,
            "support": 589.0
        },
        "4": {
            "precision": 0.9691780821917808,
            "recall": 0.9758620689655172,
            "f1-score": 0.9725085910652921,
            "support": 580.0
        },
        "5": {
            "precision": 0.996268656716418,
            "recall": 0.969147005444646,
            "f1-score": 0.9825206991720331,
            "support": 551.0
        },
        "6": {
            "precision": 0.9827882960413081,
            "recall": 0.9844827586206897,
            "f1-score": 0.983634797588286,
            "support": 580.0
        },
        "7": {
            "precision": 0.9756493506493507,
            "recall": 0.9494470774091627,
            "f1-score": 0.9623698959167334,
            "support": 633.0
        },
        "8": {
            "precision": 0.9429037520391517,
            "recall": 0.9880341880341881,
            "f1-score": 0.9649415692821369,
            "support": 585.0
        },
        "9": {
            "precision": 0.975767366720517,
            "recall": 0.9556962025316456,
            "f1-score": 0.9656274980015987,
            "support": 632.0
        },
        "accuracy": 0.9723333333333334,
        "macro avg": {
            "precision": 0.9723483942924149,
            "recall": 0.9723567967377406,
            "f1-score": 0.9722165678343868,
            "support": 6000.0
        },
        "weighted avg": {
            "precision": 0.9726186363571105,
            "recall": 0.9723333333333334,
            "f1-score": 0.9723417966915956,
            "support": 6000.0
        }
    },
    "accuracy": 0.9723333333333334,
    "precision": 0.9726186363571105,
    "recall": 0.9723333333333334,
    "f1_score": 0.9723417966915956,
    "roc_auc": 0.9993026030992056
}