{
    "confusion_matrix": [
        [
            603,
            0,
            0,
            0,
            2,
            1,
            0,
            0,
            6,
            12
        ],
        [
            0,
            644,
            4,
            2,
            3,
            0,
            0,
            1,
            0,
            0
        ],
        [
            0,
            1,
            553,
            5,
            0,
            0,
            0,
            8,
            3,
            2
        ],
        [
            0,
            0,
            3,
            580,
            0,
            5,
            0,
            0,
            1,
            0
        ],
        [
            0,
            0,
            0,
            0,
            576,
            0,
            1,
            0,
            2,
            1
        ],
        [
            0,
            0,
            0,
            0,
            1,
            542,
            1,
            1,
            4,
            2
        ],
        [
            1,
            0,
            0,
            0,
            2,
            0,
            575,
            0,
            2,
            0
        ],
        [
            0,
            1,
            18,
            0,
            2,
            0,
            0,
            611,
            0,
            1
        ],
        [
            1,
            0,
            2,
            0,
            8,
            2,
            3,
            0,
            569,
            0
        ],
        [
            0,
            0,
            0,
            2,
            16,
            2,
            0,
            2,
            4,
            606
        ]
    ],
    "classification_report": {
        "0": {
            "precision": 0.996694214876033,
            "recall": 0.9663461538461539,
            "f1-score": 0.9812855980471928,
            "support": 624.0
        },
        "1": {
            "precision": 0.9969040247678018,
            "recall": 0.9847094801223242,
            "f1-score": 0.9907692307692307,
            "support": 654.0
        },
        "2": {
            "precision": 0.9534482758620689,
            "recall": 0.9667832167832168,
            "f1-score": 0.9600694444444444,
            "support": 572.0
        },
        "3": {
            "precision": 0.9847198641765704,
            "recall": 0.9847198641765704,
            "f1-score": 0.9847198641765704,
            "support": 589.0
        },
        "4": {
            "precision": 0.9442622950819672,
            "recall": 0.993103448275862,
            "f1-score": 0.9680672268907563,
            "support": 580.0
        },
        "5": {
            "precision": 0.9818840579710145,
            "recall": 0.9836660617059891,
            "f1-score": 0.9827742520398912,
            "support": 551.0
        },
        "6": {
            "precision": 0.9913793103448276,
            "recall": 0.9913793103448276,
            "f1-score": 0.9913793103448276,
            "support": 580.0
        },
        "7": {
            "precision": 0.9807383627608347,
            "recall": 0.9652448657187994,
            "f1-score": 0.9729299363057324,
            "support": 633.0
        },
        "8": {
            "precision": 0.9627749576988156,
            "recall": 0.9726495726495726,
            "f1-score": 0.967687074829932,
            "support": 585.0
        },
        "9": {
            "precision": 0.9711538461538461,
            "recall": 0.9588607594936709,
            "f1-score": 0.964968152866242,
            "support": 632.0
        },
        "accuracy": 0.9765,
        "macro avg": {
            "precision": 0.976395920969378,
            "recall": 0.9767462733116986,
            "f1-score": 0.976465009071482,
            "support": 6000.0
        },
        "weighted avg": {
            "precision": 0.9767958413023512,
            "recall": 0.9765,
            "f1-score": 0.9765423463109784,
            "support": 6000.0
        }
    },
    "accuracy": 0.9765,
    "precision": 0.9767958413023512,
    "recall": 0.9765,
    "f1_score": 0.9765423463109784,
    "roc_auc": 0.9996038441241403
}